origin,destination,count
ae,af,0,19
ae,dz,0,19
ae,ao,-0,01
ae,ar,0,16
ae,am,0,1
ae,au,-1,06
ae,at,0,11
ae,az,0,24
ae,bh,0,9
ae,bd,-0,21
ae,by,0,12
ae,be,0,51
ae,br,0,81
ae,bg,0,17
ae,cm,0,2
ae,ca,-2,96
ae,cl,0,02
ae,cn,0,86
ae,co,0,02
ae,hr,0,16
ae,cy,0,14
ae,cz,0,24
ae,dk,0,13
ae,eg,9,2
ae,et,0,11
ae,fi,0,07
ae,fr,3,19
ae,ge,0,05
ae,de,0,15
ae,gh,0,38
ae,gr,0,43
ae,hk,0,17
ae,hu,0,12
ae,in,91,75
ae,id,0,35
ae,ir,-0,18
ae,iq,-0,2
ae,ie,0,64
ae,it,2,22
ae,jp,0,03
ae,jo,4,93
ae,kz,0,25
ae,ke,0,61
ae,kr,0,34
ae,kw,1,28
ae,lb,4,25
ae,ly,0,2
ae,lu,0,04
ae,mk,0,17
ae,my,0,74
ae,mt,0,03
ae,mu,0,11
ae,mx,0,12
ae,ma,0,76
ae,mm,-0,22
ae,np,0,22
ae,nl,1,02
ae,nz,-0,25
ae,ng,1,36
ae,no,0,14
ae,om,2,11
ae,pk,23,63
ae,ph,10,91
ae,pl,0,54
ae,pt,0,57
ae,qa,2,38
ae,ro,2,15
ae,sa,2,44
ae,rs,0,66
ae,sg,1,47
ae,sk,0,04
ae,za,2,45
ae,es,1,23
ae,lk,1,37
ae,sd,0,69
ae,se,0
ae,ch,0,8
ae,sy,1,01
ae,tw,0
ae,tz,0,04
ae,th,0,12
ae,tn,0,31
ae,tr,1,17
ae,ug,0,16
ae,ua,1,39
ae,gb,12,41
ae,us,17
ae,uz,0,23
ae,ve,0,11
ae,vn,-0,06
ae,ps,0,79
ae,ye,0,19
ae,zw,0,32
af,au,2,18
af,br,3,36
af,ca,-1,01
af,cn,2,63
af,fr,2,74
af,de,0,56
af,in,3,47
af,id,0,45
af,ir,0,22
af,iq,-3,36
af,it,2,69
af,kw,-1,01
af,nl,1,34
af,pk,3,86
af,za,2,97
af,es,0,84
af,se,-0,06
af,tr,0,84
af,ae,-2,57
af,gb,-1,57
af,us,-12,03
al,be,-0,5
al,br,0,6
al,ca,-1,35
al,cn,2,84
al,fr,0,1
al,de,-3,84
al,gr,0,05
al,in,-0,65
al,it,2,99
al,nl,-0,1
al,ch,-0,35
al,tr,0
al,gb,-1,89
al,us,6,88
am,ca,-2,81
am,fr,-1,41
am,de,-6,93
am,ir,-0,4
am,ae,-2,51
am,gb,0
am,us,-3,31
ao,br,7,76
ao,ca,0,38
ao,cn,0,71
ao,fr,3,52
ao,in,1,76
ao,id,-0,08
ao,it,0,59
ao,na,3,52
ao,ng,0,71
ao,pt,23,24
ao,za,3,94
ao,es,0,5
ao,ae,0,13
ao,gb,5,2
ao,us,22,1
ar,au,-0,3
ar,at,-0,01
ar,be,-0,01
ar,bo,-0,03
ar,br,0,18
ar,ca,-0,02
ar,cl,-0,98
ar,cn,0,05
ar,co,-0,37
ar,cr,-0,08
ar,dk,-0,06
ar,do,-0,03
ar,ec,-0,13
ar,fr,-0,25
ar,de,-0,35
ar,in,0,04
ar,ie,-0,16
ar,il,-0,08
ar,it,-0,05
ar,mx,-0,42
ar,nl,-0,13
ar,nz,-0,23
ar,pa,-0,13
ar,py,-0,11
ar,pe,-0,22
ar,es,0,13
ar,ch,-0,07
ar,ae,-0,08
ar,gb,-0,2
ar,us,1,96
ar,uy,-0,05
ar,ve,1,99
at,ar,0,1
at,au,-0,64
at,be,-0,48
at,ba,1,04
at,br,0,65
at,bg,0,74
at,ca,0,61
at,cn,0,07
at,hr,1,4
at,cz,0,49
at,dk,0,03
at,eg,0,28
at,fi,0,33
at,fr,1,53
at,de,-0,95
at,gr,0,73
at,hk,-0,06
at,hu,3,56
at,in,1,16
at,ir,1,13
at,ie,-0,57
at,il,-0,19
at,it,3,96
at,jp,0,01
at,lu,-0,13
at,mx,0,21
at,nl,0,18
at,nz,0,01
at,no,-0,24
at,pl,0,73
at,pt,0,31
at,ro,1,41
at,rs,1,49
at,sg,0,04
at,sk,1,99
at,si,1,68
at,za,-0,01
at,es,1,4
at,se,-0,01
at,ch,-2,83
at,th,0,15
at,tr,0,43
at,ua,1,16
at,ae,-0,39
at,gb,-0,34
at,us,2,49
au,af,-0,05
au,ar,0,19
au,at,0,06
au,az,0
au,bh,0,03
au,bd,0,6
au,be,0,08
au,br,1,3
au,bg,0,04
au,kh,-0,06
au,ca,0,14
au,cl,-0,02
au,cn,1,23
au,co,0,24
au,hr,0,05
au,cy,0,02
au,cz,0,06
au,dk,-0,16
au,ec,-0,01
au,eg,0,18
au,ee,0,04
au,fj,-0,06
au,fi,0
au,fr,0,25
au,de,-0,41
au,gh,0,05
au,gr,0,07
au,hk,-0,69
au,hu,0,04
au,in,9,52
au,id,-0,14
au,ir,0,99
au,iq,0,04
au,ie,-0,74
au,il,0,05
au,it,0,32
au,jp,-0,01
au,jo,0,05
au,kz,-0,01
au,ke,0,05
au,kr,0,08
au,kw,0,04
au,lb,0,1
au,lt,0,02
au,lu,-0,01
au,my,0,22
au,mt,0
au,mu,0,02
au,mx,0,1
au,mn,-0,01
au,mm,-0,06
au,np,0,31
au,nl,0,13
au,nz,-0,15
au,ng,0,15
au,no,-0,12
au,om,0,08
au,pk,1,3
au,pg,-0,58
au,pe,0,06
au,ph,0,97
au,pl,0,18
au,pt,0,08
au,qa,0,04
au,ro,0,07
au,sa,-0,26
au,rs,0,05
au,sg,0
au,sk,0,05
au,za,1,31
au,es,0,25
au,lk,0,88
au,se,-0,12
au,ch,-0,06
au,tw,0,04
au,tz,-0,02
au,th,0,14
au,tr,0,17
au,ua,0,1
au,ae,0,35
au,gb,0,8
au,us,3,41
au,ve,0,14
au,vn,0,11
au,zm,-0,03
au,zw,0,06
az,au,0,17
az,ca,-1,82
az,cn,1,27
az,fr,-0,28
az,ge,-0,39
az,de,-0,55
az,it,-0,39
az,kz,-0,33
az,nl,0,44
az,tr,-5,2
az,ua,0,55
az,ae,-3,21
az,gb,2,76
az,us,7,02
ba,at,-5,24
ba,hr,-4,05
ba,de,-8,91
ba,rs,-2,62
ba,tr,-1,5
ba,gb,-0,37
ba,us,8,24
bd,au,-4,11
bd,ca,-3,57
bd,cn,-0,39
bd,fr,0,09
bd,de,-0,81
bd,hk,0,12
bd,in,0,41
bd,it,0,11
bd,jp,0,31
bd,kr,-0,13
bd,my,-0,63
bd,nl,-0,08
bd,nz,-0,45
bd,no,0,41
bd,qa,-0,28
bd,sa,0,25
bd,sg,-0,32
bd,lk,0,04
bd,se,-0,13
bd,th,0,04
bd,tr,0,06
bd,ae,0,48
bd,gb,1,03
bd,us,9,71
be,al,0,04
be,dz,-0,06
be,ar,0,02
be,au,-0,25
be,at,0,13
be,bj,0,08
be,br,0,38
be,bg,0,16
be,cm,0,06
be,ca,-0,27
be,cl,-0,03
be,cn,0
be,co,-0,06
be,cd,-0,32
be,ci,0,03
be,hr,0,19
be,cy,-0,01
be,cz,0,02
be,dk,0,13
be,eg,0,05
be,ee,-0,01
be,fi,0,02
be,fr,4,3
be,de,-0,85
be,gr,0,48
be,hk,-0,1
be,hu,0,23
be,in,0,68
be,id,0,01
be,ir,0,05
be,ie,-0,25
be,il,-0,04
be,it,1,76
be,jp,-0,08
be,ke,-0,02
be,kr,-0,04
be,lv,-0,01
be,lb,0,09
be,lt,-0,04
be,lu,-2,99
be,my,0,02
be,mt,0
be,mx,0,06
be,ma,0,05
be,nl,2,06
be,nz,-0,07
be,no,-0,1
be,pk,0,08
be,pe,0,02
be,ph,0,04
be,pl,0,06
be,pt,0,53
be,qa,-0,07
be,ro,0,73
be,sa,0,01
be,sn,0,02
be,rs,0,1
be,sg,-0,2
be,sk,0,04
be,si,0,07
be,za,-0,04
be,es,0,3
be,se,-0,12
be,ch,-0,83
be,tw,0,05
be,th,-0,09
be,tn,0,04
be,tr,0,18
be,ua,0,21
be,ae,-0,49
be,gb,-1,51
be,us,1,02
be,vn,-0,04
bf,ca,1,84
bf,ci,-1,46
bf,fr,6,51
bf,sn,0,78
bf,us,7,48
bg,au,-0,62
bg,at,-1,03
bg,be,-0,81
bg,ca,-0,14
bg,cn,-0,23
bg,cz,-0,35
bg,dk,-1,16
bg,fr,-0,87
bg,de,-6,21
bg,gr,0,35
bg,in,-1,03
bg,ie,-1,03
bg,it,0,56
bg,nl,-1,14
bg,no,-0,25
bg,pl,-0,43
bg,ro,-0,29
bg,es,-0,68
bg,se,-0,54
bg,ch,-0,81
bg,tr,-0,81
bg,ua,0,87
bg,ae,-0,83
bg,gb,-12,99
bg,us,4,65
bh,au,-1,11
bh,ca,-1,26
bh,eg,3,23
bh,fr,0,5
bh,in,36,85
bh,jo,1,06
bh,kw,-0,76
bh,lb,0,3
bh,my,0
bh,om,0
bh,pk,8,88
bh,ph,3,08
bh,qa,-3,13
bh,sa,-5
bh,za,0,61
bh,ae,-10,95
bh,gb,5,35
bh,us,9,29
bj,be,-1,45
bj,ca,-4,42
bj,ci,-2,21
bj,fr,-11,5
bj,ng,0,15
bj,sn,-1,6
bj,us,13,02
bo,ar,0,42
bo,br,0,21
bo,ca,0,21
bo,cl,-0,24
bo,co,0,1
bo,fr,0,16
bo,mx,-0,05
bo,pe,-0,03
bo,es,2,91
bo,us,1,99
br,af,-0,03
br,al,-0,01
br,ao,-0,08
br,ar,-0,04
br,au,-0,42
br,at,-0,02
br,be,-0,04
br,bo,0
br,ca,-0,59
br,cl,-0,11
br,cn,-0,01
br,co,-0,06
br,cr,-0,01
br,cz,0
br,dk,-0,03
br,do,-0,01
br,ec,-0,01
br,fi,-0,01
br,fr,-0,04
br,de,-0,32
br,hk,-0,01
br,hu,0,03
br,in,0,02
br,id,-0,01
br,ie,-0,63
br,il,-0,03
br,it,-0,1
br,jp,0,02
br,kr,0
br,lu,-0,01
br,my,0
br,mt,0
br,mx,-0,11
br,mz,0
br,nl,-0,1
br,nz,-0,1
br,no,0
br,pa,-0,04
br,py,-0,02
br,pe,-0,05
br,ph,0
br,pl,-0,03
br,pt,-0,51
br,qa,-0,01
br,sa,-0,01
br,sg,-0,04
br,za,-0,01
br,es,-0,23
br,se,-0,06
br,ch,-0,11
br,th,-0,01
br,tr,-0,01
br,ae,-0,09
br,gb,-0,37
br,us,4,63
br,uy,-0,02
br,ve,0,04
bs,ca,-0,33
bs,gb,2,95
bs,us,10,71
bw,in,2,03
bw,za,6,08
bw,gb,15,88
bw,us,11,83
bw,zw,-0,92
by,ca,-0,42
by,cn,-0,14
by,cz,0
by,de,-3,17
by,it,-0,67
by,lt,-0,99
by,pl,-3,2
by,tr,-0,18
by,ua,3,8
by,ae,-1,02
by,gb,-1,3
by,us,-1,3
ca,af,0,02
ca,al,0,02
ca,dz,0,22
ca,ao,-0,01
ca,ar,0,01
ca,am,0,02
ca,au,-0,09
ca,at,-0,04
ca,az,0,03
ca,bs,0
ca,bh,0,02
ca,bd,0,32
ca,by,0,01
ca,be,0,06
ca,bj,0,05
ca,bo,-0,01
ca,br,1,14
ca,bg,0,01
ca,bf,-0,02
ca,kh,-0,01
ca,cm,0,12
ca,cl,-0,01
ca,cn,0,96
ca,co,0,09
ca,cd,0,01
ca,cr,-0,01
ca,ci,0,04
ca,hr,0,03
ca,cu,0,01
ca,cy,0,02
ca,cz,0,01
ca,dk,-0,02
ca,do,0,04
ca,ec,-0,04
ca,eg,0,3
ca,sv,0,02
ca,et,0,02
ca,fi,0
ca,fr,1,36
ca,de,-0,25
ca,gh,0,09
ca,gr,0,07
ca,gt,0
ca,ht,0,03
ca,hn,0,01
ca,hk,-0,12
ca,hu,0,02
ca,is,0,01
ca,in,6,72
ca,id,-0,33
ca,ir,1,8
ca,iq,0,04
ca,ie,0,12
ca,il,0,24
ca,it,0,15
ca,jm,0,25
ca,jp,-0,04
ca,jo,0,06
ca,kz,0,03
ca,ke,0,05
ca,kr,0,16
ca,kw,0,12
ca,lb,0,21
ca,ly,0,02
ca,lt,0,01
ca,lu,-0,02
ca,mg,0,01
ca,my,0,1
ca,mu,0,05
ca,mx,-0,05
ca,md,0,06
ca,ma,0,2
ca,np,0,09
ca,nl,-0,01
ca,nz,-0,04
ca,ni,0,01
ca,ng,0,66
ca,no,0,02
ca,om,0,07
ca,pk,0,88
ca,pa,-0,04
ca,pe,0,01
ca,ph,0,83
ca,pl,0,02
ca,pt,0,02
ca,qa,0,08
ca,ro,0,12
ca,rw,0,01
ca,sa,-0,06
ca,sn,0,04
ca,rs,0,08
ca,sg,0,2
ca,sk,0
ca,za,0,21
ca,es,-0,04
ca,lk,0,07
ca,se,-0,01
ca,ch,-0,11
ca,sy,0,05
ca,tw,0,03
ca,tz,0,01
ca,th,0,02
ca,tt,0
ca,tn,0,22
ca,tr,0,15
ca,ug,0,02
ca,ua,0,35
ca,ae,0,61
ca,gb,0,17
ca,us,0,81
ca,ve,0,09
ca,vn,0,09
ca,zw,0,02
cd,be,5,33
cd,ca,-1,07
cd,fr,15,4
cd,in,3,27
cd,ke,3,6
cd,rw,10,47
cd,za,14,13
cd,ug,1,4
cd,gb,7,73
cd,us,34,27
ch,al,0,04
ch,ar,0,19
ch,au,0,26
ch,at,1,16
ch,be,1,27
ch,br,1,48
ch,bg,0,24
ch,ca,0,82
ch,cl,0,06
ch,cn,0,7
ch,co,0,03
ch,cr,-0,01
ch,hr,0,2
ch,cz,0,65
ch,dk,0,14
ch,ec,-0,11
ch,eg,-0,09
ch,fi,0,24
ch,fr,36,12
ch,de,12,12
ch,gr,1,08
ch,hk,-0,39
ch,hu,1,01
ch,in,1,29
ch,id,0,04
ch,ir,-0,06
ch,ie,0,35
ch,il,0,01
ch,it,13,69
ch,jp,-0,01
ch,jo,0,02
ch,ke,-0,06
ch,kr,0
ch,lv,0,12
ch,lb,0,03
ch,lt,0,1
ch,lu,0,39
ch,my,0,03
ch,mt,-0,04
ch,mx,0,12
ch,ma,-0,01
ch,nl,2,22
ch,nz,0,12
ch,ng,0,09
ch,no,-0,09
ch,pa,-0,15
ch,pe,-0,01
ch,ph,0,02
ch,pl,1,73
ch,pt,1,93
ch,qa,-0,01
ch,ro,0,45
ch,sa,-0,2
ch,sn,-0,01
ch,rs,0,42
ch,sg,-0,18
ch,sk,0,46
ch,si,0,12
ch,za,0,26
ch,es,3,7
ch,se,0,09
ch,tw,0,06
ch,th,0,07
ch,tn,0,24
ch,tr,0,14
ch,ua,0,47
ch,ae,-1,18
ch,gb,1,65
ch,us,2,95
ch,vn,0,11
ci,be,-0,2
ci,bj,0,85
ci,bf,0,44
ci,cm,0,55
ci,ca,-1,4
ci,fr,-11,11
ci,gh,1,58
ci,in,0,96
ci,ml,-0,96
ci,ma,0,9
ci,ng,0,44
ci,sn,0,96
ci,tg,0,26
ci,tn,4,58
ci,gb,1,6
ci,us,4,06
cl,ar,1,47
cl,au,0,05
cl,be,0,02
cl,bo,0,03
cl,br,0,82
cl,ca,0,05
cl,cn,0,05
cl,co,0,6
cl,cr,-0,04
cl,dk,-0,02
cl,do,0,08
cl,ec,0,08
cl,fr,0,06
cl,de,-0,19
cl,in,0,13
cl,ie,0,01
cl,it,0,06
cl,mx,-0,06
cl,nl,-0,06
cl,nz,-0,03
cl,pa,0,15
cl,pe,-0,1
cl,pt,0,04
cl,es,1,44
cl,se,0
cl,ch,-0,03
cl,ae,-0,02
cl,gb,0,4
cl,us,4,98
cl,uy,0,05
cl,ve,8,17
cm,be,-0,45
cm,ca,-4,59
cm,cn,-0,48
cm,ci,-0,61
cm,fr,0,06
cm,ga,0,1
cm,de,-0,61
cm,in,0,96
cm,ng,0,45
cm,sn,0,03
cm,za,1,22
cm,ae,-1,57
cm,gb,1,76
cm,us,4,56
cn,af,-0,04
cn,al,-0,05
cn,dz,0
cn,ao,-0,01
cn,ar,-0,02
cn,au,-0,76
cn,at,0
cn,az,-0,02
cn,bd,0,03
cn,by,0
cn,be,0
cn,br,0,02
cn,bg,0,01
cn,kh,-0,01
cn,cm,0,01
cn,ca,-0,95
cn,cl,-0,01
cn,co,0
cn,cz,0,01
cn,dk,-0,1
cn,eg,-0,02
cn,et,-0,02
cn,fi,-0,04
cn,fr,0,33
cn,de,-0,35
cn,gh,0,01
cn,gr,0
cn,hk,-0,76
cn,hu,0
cn,in,0,11
cn,id,-0,11
cn,ir,0,02
cn,iq,-0,01
cn,ie,-0,04
cn,il,-0,01
cn,it,0,11
cn,jp,0,43
cn,kz,-0,03
cn,ke,0
cn,kr,0,11
cn,kw,0,01
cn,lu,-0,01
cn,my,-0,01
cn,mx,0,02
cn,mn,-0,02
cn,ma,0
cn,mm,-0,05
cn,np,-0,02
cn,nl,0,02
cn,nz,-0,34
cn,ng,0,04
cn,no,0,01
cn,om,-0,01
cn,pk,0,11
cn,pe,-0,01
cn,ph,-0,01
cn,pl,0,01
cn,pt,-0,01
cn,qa,0
cn,ro,0,01
cn,sa,-0,02
cn,rs,0,02
cn,sg,-0,28
cn,za,0,04
cn,es,-0,01
cn,lk,0
cn,se,-0,12
cn,ch,-0,1
cn,tw,0,63
cn,tz,0
cn,th,-0,09
cn,tr,0,01
cn,ug,-0,02
cn,ua,0,07
cn,ae,-0,17
cn,gb,0,88
cn,us,-2,13
cn,ve,0,02
cn,vn,-0,07
cn,zm,0
co,ar,0,39
co,au,-0,38
co,be,0,03
co,bo,-0,01
co,br,0,28
co,ca,-0,22
co,cl,-0,42
co,cn,0
co,cr,-0,02
co,do,0,02
co,ec,-0,26
co,sv,0
co,fr,-0,05
co,de,-0,19
co,gt,0
co,in,0,06
co,ie,0,02
co,it,0,13
co,kr,0,04
co,mx,-0,13
co,nl,-0,01
co,nz,-0,06
co,pa,-0,3
co,pe,-0,22
co,pt,0,01
co,es,1,13
co,se,-0,03
co,ch,-0,01
co,ae,-0,01
co,gb,0,16
co,us,4,98
co,uy,-0,02
co,ve,3,73
cr,ar,0,64
cr,br,0,56
cr,ca,0,26
cr,cl,0,24
cr,co,0,16
cr,ec,0,02
cr,fr,-0,12
cr,de,-0,21
cr,gt,0,05
cr,hn,0,12
cr,it,-0,02
cr,mx,-0,54
cr,nl,0,12
cr,ni,-0,35
cr,pa,-0,3
cr,pe,0,1
cr,es,1,48
cr,ch,0,03
cr,gb,-0,28
cr,us,6,18
cr,ve,4,14
cu,ca,-2,04
cu,mx,-2,3
cu,es,9,83
cu,us,-20,42
cu,uy,-8,04
cy,au,-0,78
cy,be,0,17
cy,ca,-1,4
cy,fr,-0,22
cy,de,-1,68
cy,gr,5,54
cy,il,0,39
cy,it,0,5
cy,nl,-0,34
cy,ng,0,45
cy,es,0,39
cy,tr,21,11
cy,ua,2,24
cy,ae,-1,85
cy,gb,0,22
cy,us,6,61
cz,au,-0,5
cz,at,-0,35
cz,by,0
cz,be,-0,05
cz,br,0,12
cz,bg,0,18
cz,ca,-0,1
cz,cn,-0,12
cz,hr,0,1
cz,dk,-0,35
cz,fi,0,13
cz,fr,0,83
cz,de,-2,48
cz,gr,0,31
cz,hu,0,24
cz,in,1,09
cz,ie,-0,49
cz,it,1,36
cz,jp,0,01
cz,lu,-0,18
cz,mt,-0,05
cz,nl,-0,81
cz,nz,-0,41
cz,no,0,08
cz,pl,0
cz,pt,0,25
cz,ro,0,5
cz,rs,0,21
cz,sg,-0,12
cz,sk,5,33
cz,es,0,25
cz,se,-0,29
cz,ch,-1,13
cz,tr,0,49
cz,ua,0,9
cz,ae,-0,6
cz,gb,-2,62
cz,us,3,9
de,af,-0,02
de,al,0,17
de,dz,0
de,ar,0,36
de,am,0,15
de,au,0,66
de,at,0,14
de,az,0,02
de,bd,0,19
de,by,0,2
de,be,0,47
de,ba,0,26
de,br,1,59
de,bg,0,66
de,kh,-0,01
de,cm,0,04
de,ca,0,63
de,cl,0,13
de,cn,0,91
de,co,0,19
de,cr,0,03
de,hr,0,92
de,cy,0,07
de,cz,0,51
de,dk,0,02
de,ec,0
de,eg,0,69
de,ee,0
de,et,0,01
de,fi,0,32
de,fr,2,76
de,ge,0,02
de,gh,0,05
de,gr,0,84
de,hk,0,01
de,hu,0,93
de,is,0,02
de,in,6,29
de,id,0,18
de,ir,0,05
de,iq,0,05
de,ie,0,1
de,il,0,36
de,it,3,66
de,jp,0,12
de,jo,0,17
de,kz,0,03
de,ke,0,03
de,kr,0,23
de,kw,0,05
de,lv,0,14
de,lb,0,26
de,lt,0,07
de,lu,-0,84
de,mk,0,18
de,my,0,19
de,mt,0,02
de,mx,0,64
de,md,0,14
de,ma,0,12
de,na,-0,01
de,np,0,01
de,nl,1,45
de,nz,0,06
de,ng,0,08
de,no,0,05
de,om,-0,02
de,pk,0,73
de,pa,0
de,pe,0,05
de,ph,0,14
de,pl,1,13
de,pt,0,63
de,qa,-0,02
de,ro,1,55
de,sa,0,08
de,rs,0,53
de,sg,0,13
de,sk,0,16
de,si,0,18
de,za,0,19
de,es,2,21
de,lk,0,04
de,se,0,1
de,ch,-4,35
de,sy,0,49
de,tw,0,08
de,tz,-0,01
de,th,0,18
de,tn,0,29
de,tr,1,25
de,ug,0
de,ua,1,24
de,ae,-0,08
de,gb,2,47
de,us,4,56
de,uy,0
de,ve,0,32
de,vn,0,05
de,ps,0,03
dk,ar,0,16
dk,au,0,64
dk,at,-0,01
dk,be,-0,18
dk,br,0,34
dk,bg,0,31
dk,ca,0,15
dk,cl,0,03
dk,cn,0,65
dk,cz,0,18
dk,eg,0,22
dk,ee,-0,05
dk,fi,0,18
dk,fr,0,48
dk,de,-0,06
dk,gr,0,37
dk,hk,0,03
dk,hu,0,36
dk,is,-0,15
dk,in,1,47
dk,id,0,13
dk,ir,1,12
dk,ie,-0,07
dk,it,1,22
dk,jp,0,05
dk,ke,-0,12
dk,kr,0,01
dk,lv,-0,18
dk,lt,-0,06
dk,lu,-0,02
dk,my,0,15
dk,mt,-0,03
dk,mx,0,15
dk,nl,0,34
dk,nz,0,04
dk,no,-0,52
dk,pk,0,23
dk,ph,0,06
dk,pl,0,15
dk,pt,0,3
dk,qa,-0,09
dk,ro,0,81
dk,sg,0,05
dk,sk,0,27
dk,za,0,07
dk,es,0,71
dk,se,1,67
dk,ch,-0,13
dk,th,0,13
dk,tr,0,2
dk,ua,0,26
dk,ae,-0,18
dk,gb,0,2
dk,us,2,1
dk,vn,0,01
do,ar,0,23
do,br,0,44
do,ca,-0,97
do,cl,-0,5
do,co,-0,19
do,fr,-0,36
do,ht,-0,23
do,it,0,19
do,mx,0,44
do,pa,-0,72
do,pe,-0,04
do,pr,-0,19
do,es,3,89
do,gb,-0,11
do,us,-0,38
do,ve,3
dz,be,0,16
dz,ca,-2,54
dz,cn,-0,04
dz,eg,-0,14
dz,fr,-3,9
dz,de,-0,01
dz,in,0,31
dz,it,-0,06
dz,my,-0,15
dz,ma,-0,06
dz,qa,-0,43
dz,sa,-0,24
dz,es,0,03
dz,tn,0
dz,tr,0,52
dz,ae,-0,45
dz,gb,-0,05
dz,us,1,74
ec,ar,0,49
ec,au,0,06
ec,br,0,21
ec,ca,0,34
ec,cl,-0,19
ec,co,0,93
ec,cr,-0,01
ec,fr,0,17
ec,de,0,01
ec,it,0,05
ec,mx,0,26
ec,nl,-0,02
ec,pa,0,28
ec,pe,-0,2
ec,es,1,45
ec,ch,0,14
ec,gb,-0,16
ec,us,8,16
ec,ve,6,93
ee,au,-2,14
ee,be,0,15
ee,dk,0,69
ee,fi,0,53
ee,fr,1,22
ee,de,0,15
ee,it,0,84
ee,lv,1,68
ee,nl,0,38
ee,no,0,46
ee,es,0,61
ee,se,-0,76
ee,ua,7,4
ee,gb,-0,38
ee,us,5,11
eg,dz,0,08
eg,au,-0,75
eg,at,-0,11
eg,bh,-0,36
eg,be,-0,07
eg,ca,-1,99
eg,cn,0,13
eg,dk,-0,22
eg,fr,-0,2
eg,de,-1,78
eg,gh,-1,03
eg,in,0,07
eg,iq,-0,24
eg,ie,-0,21
eg,it,-0,21
eg,jp,-0,02
eg,jo,-0,17
eg,kw,-1,99
eg,lb,-0,02
eg,ly,0,41
eg,my,-0,02
eg,ma,-0,03
eg,nl,-0,34
eg,ng,0,01
eg,no,0,08
eg,om,-0,16
eg,pl,-0,13
eg,qa,-4,03
eg,ro,0,26
eg,sa,-13,79
eg,za,-0,07
eg,es,-0,12
eg,sd,-0,11
eg,se,-0,25
eg,ch,0,08
eg,sy,-0,07
eg,tr,-0,55
eg,ua,0,02
eg,ae,-12,44
eg,gb,0,1
eg,us,9,46
eg,ye,0,03
es,af,-0,02
es,dz,0
es,ao,-0,02
es,ar,-0,08
es,au,-0,24
es,at,-0,12
es,be,-0,1
es,bo,-0,14
es,br,0,68
es,bg,0,04
es,ca,0,06
es,cl,-0,58
es,cn,0,01
es,co,-0,65
es,cr,-0,11
es,hr,0,02
es,cu,-0,1
es,cy,-0,01
es,cz,-0,03
es,dk,-0,17
es,do,-0,26
es,ec,-0,23
es,eg,0,03
es,sv,-0,04
es,ee,-0,01
es,fi,0,01
es,fr,0,19
es,de,-1,29
es,gr,0,03
es,gt,-0,06
es,hn,-0,05
es,hk,-0,06
es,hu,0,09
es,is,0,03
es,in,0,22
es,id,-0,01
es,ir,0,03
es,ie,-0,48
es,il,0,01
es,it,1,32
es,jp,-0,06
es,jo,-0,01
es,ke,0
es,kr,0,01
es,kw,-0,02
es,lv,0,02
es,lb,0,02
es,lt,0,02
es,lu,-0,14
es,my,-0,02
es,mt,0,01
es,mx,-2,19
es,ma,-0,01
es,nl,-0,15
es,nz,-0,05
es,ni,-0,05
es,ng,0,01
es,no,-0,1
es,om,-0,02
es,pk,0,03
es,pa,-0,17
es,py,-0,05
es,pe,-0,61
es,ph,0
es,pl,0,07
es,pt,0,2
es,pr,-0,05
es,qa,-0,15
es,ro,0,17
es,sa,-0,21
es,rs,0,01
es,sg,-0,08
es,sk,0,01
es,si,-0,01
es,za,0,04
es,se,-0,22
es,ch,-0,78
es,tw,-0,01
es,th,0,01
es,tn,0,02
es,tr,0,1
es,ua,0,13
es,ae,-0,38
es,gb,-2,66
es,us,0,3
es,uy,-0,07
es,ve,2,74
es,vn,0
et,ca,-1,14
et,cn,0,86
et,fr,0,39
et,de,-0,12
et,in,2,71
et,it,0,12
et,ke,0,12
et,nl,1,02
et,no,0,94
et,za,0,51
et,tr,1,22
et,ae,-1,02
et,gb,0,24
et,us,19,49
fi,au,-0,03
fi,at,-0,28
fi,be,-0,06
fi,br,0,23
fi,ca,-0,05
fi,cn,0,59
fi,cz,-0,15
fi,dk,-0,43
fi,ee,-0,09
fi,fr,0,04
fi,de,-1,9
fi,gr,0,27
fi,hk,0,04
fi,hu,0,06
fi,in,-1,55
fi,ir,0,31
fi,ie,-0,25
fi,it,0,59
fi,jp,-0,12
fi,kr,0,25
fi,lu,-0,34
fi,mx,0,05
fi,nl,-0,74
fi,no,-0,08
fi,pk,0,62
fi,pl,0,1
fi,pt,0,19
fi,ro,0,35
fi,sg,0
fi,es,-0,06
fi,se,-3,35
fi,ch,-0,52
fi,th,0,18
fi,tr,0,46
fi,ae,-0,22
fi,gb,-1,43
fi,us,3,3
fi,vn,0,46
fj,au,5,31
fj,nz,-4,01
fj,us,7,67
fr,af,-0,05
fr,al,0
fr,dz,0,39
fr,ao,-0,08
fr,ar,0,11
fr,am,0,01
fr,au,-0,18
fr,at,-0,1
fr,az,0
fr,bh,-0,01
fr,bd,-0,01
fr,be,-1,03
fr,bj,0,15
fr,bo,-0,01
fr,br,0,09
fr,bg,0,04
fr,bf,-0,06
fr,kh,-0,07
fr,cm,0
fr,ca,-1,53
fr,cl,-0,02
fr,cn,-0,38
fr,co,0,02
fr,cd,-0,22
fr,cr,0,01
fr,ci,0,37
fr,hr,0,02
fr,cy,0
fr,cz,-0,07
fr,dk,-0,08
fr,do,0,02
fr,ec,-0,02
fr,eg,0,03
fr,ee,-0,02
fr,et,-0,01
fr,fi,0
fr,ga,-0,18
fr,ge,0
fr,de,-1,21
fr,gh,-0,05
fr,gr,0,1
fr,ht,-0,02
fr,hk,-0,36
fr,hu,0,02
fr,is,0
fr,in,0,54
fr,id,-0,02
fr,ir,-0,04
fr,iq,-0,01
fr,ie,-0,51
fr,il,-0,15
fr,it,0,79
fr,jp,-0,23
fr,jo,0
fr,kz,-0,03
fr,ke,-0,02
fr,kr,-0,05
fr,kw,-0,01
fr,lv,0
fr,lb,0,21
fr,lt,0,01
fr,lu,-2,18
fr,mg,-0,04
fr,my,-0,07
fr,ml,-0,08
fr,mt,-0,01
fr,mu,-0,09
fr,mx,0,03
fr,md,0,04
fr,ma,0,74
fr,mm,-0,01
fr,np,0,01
fr,nl,-0,25
fr,nz,-0,15
fr,ng,-0,07
fr,no,-0,07
fr,om,0
fr,pk,0,03
fr,pa,-0,03
fr,pe,0,01
fr,ph,0
fr,pl,-0,11
fr,pt,0,17
fr,qa,-0,09
fr,ro,0,27
fr,sa,-0,08
fr,sn,-0,09
fr,rs,0,04
fr,sg,-0,49
fr,sk,0
fr,si,0,01
fr,za,-0,07
fr,es,-0,14
fr,lk,0,01
fr,se,-0,2
fr,ch,-5,69
fr,sy,0,04
fr,tw,0
fr,tz,0
fr,th,-0,08
fr,tg,0,02
fr,tn,1,06
fr,tr,0,07
fr,ua,0,1
fr,ae,-0,74
fr,gb,-2,65
fr,us,0,12
fr,uy,0
fr,ve,0,09
fr,vn,-0,15
ga,cm,-0,47
ga,fr,28,58
ga,sn,5,13
ga,gb,12,89
ga,us,17,09
gb,af,0,01
gb,al,0,02
gb,dz,0
gb,ao,-0,06
gb,ar,0,05
gb,am,0
gb,au,-0,3
gb,at,0,01
gb,az,-0,03
gb,bs,-0,01
gb,bh,-0,06
gb,bd,-0,06
gb,by,0,02
gb,be,0,2
gb,ba,0
gb,bw,-0,13
gb,br,0,43
gb,bg,0,33
gb,kh,0
gb,cm,-0,03
gb,ca,-0,1
gb,cl,-0,06
gb,cn,-0,54
gb,co,-0,04
gb,cd,-0,06
gb,cr,0,01
gb,ci,-0,03
gb,hr,0,05
gb,cy,0
gb,cz,0,13
gb,dk,-0,02
gb,do,0
gb,ec,0,01
gb,eg,-0,01
gb,ee,0
gb,et,0
gb,fi,0,06
gb,fr,1,44
gb,ga,-0,04
gb,ge,0
gb,de,-0,59
gb,gh,-0,05
gb,gr,0,77
gb,hk,-0,47
gb,hu,0,4
gb,is,-0,01
gb,in,0,55
gb,id,0,07
gb,ir,-0,31
gb,iq,-0,05
gb,ie,0,19
gb,il,0,08
gb,it,2,19
gb,jm,0,02
gb,jp,-0,11
gb,jo,-0,02
gb,kz,-0,08
gb,ke,-0,19
gb,kr,0,02
gb,kw,-0,07
gb,lv,0,03
gb,lb,0
gb,ly,0,01
gb,lt,0,07
gb,lu,-0,04
gb,mk,0,02
gb,mw,-0,08
gb,my,-0,02
gb,mt,-0,06
gb,mu,-0,03
gb,mx,0,1
gb,md,0,05
gb,mn,-0,01
gb,ma,-0,02
gb,mz,-0,04
gb,mm,-0,04
gb,na,-0,04
gb,np,-0,03
gb,nl,0,17
gb,nz,-0,02
gb,ng,-6,65
gb,no,-0,07
gb,om,-0,01
gb,pk,-0,02
gb,pa,-0,01
gb,pe,0,03
gb,ph,0,06
gb,pl,0,6
gb,pt,1,02
gb,qa,-0,19
gb,ro,1,29
gb,rw,-0,02
gb,sa,-0,59
gb,sn,0
gb,rs,0
gb,sg,-0,22
gb,sk,0,02
gb,si,0,05
gb,za,-3,33
gb,es,1,08
gb,lk,-0,03
gb,sd,0
gb,se,-0,13
gb,ch,-0,14
gb,sy,0,01
gb,tw,-0,02
gb,tz,-0,07
gb,th,-0,1
gb,tt,-0,01
gb,tn,0
gb,tr,0,06
gb,ug,-0,04
gb,ua,0,09
gb,ae,-1,56
gb,us,4,78
gb,uy,0
gb,uz,-0,02
gb,ve,0,1
gb,vn,-0,08
gb,ps,-0,01
gb,zm,-0,46
gb,zw,-0,06
ge,az,0,43
ge,fr,-0,06
ge,de,-0,49
ge,in,4,08
ge,tr,1,24
ge,ua,1,17
ge,ae,-0,74
ge,gb,-0,31
ge,us,20,21
gh,au,-0,46
gh,ca,-1,46
gh,cn,-0,21
gh,ci,-0,75
gh,eg,2,54
gh,fr,0,69
gh,de,-0,3
gh,in,1,04
gh,it,0,1
gh,ke,0
gh,lb,0,1
gh,nl,-0,11
gh,ng,-1,11
gh,no,2,97
gh,za,0,32
gh,tg,0,04
gh,ae,-1,26
gh,gb,1,26
gh,us,17,66
gr,al,-0,01
gr,au,-0,48
gr,at,-0,48
gr,be,-1,18
gr,bg,-0,17
gr,ca,-0,83
gr,cn,0,01
gr,cy,-0,97
gr,cz,-0,28
gr,dk,-0,67
gr,fi,-0,21
gr,fr,-1
gr,de,-3,77
gr,hu,0,03
gr,in,0,48
gr,ie,-0,53
gr,it,-0,29
gr,lu,-0,67
gr,nl,-2,4
gr,no,-0,52
gr,pl,-0,37
gr,qa,-0,66
gr,ro,-0,21
gr,sa,-0,34
gr,rs,-0,12
gr,es,-0,23
gr,se,-1,94
gr,ch,-1,73
gr,tr,0,48
gr,ua,0,11
gr,ae,-1,01
gr,gb,-14,52
gr,us,5,17
gt,ca,-0,04
gt,co,0
gt,cr,-0,06
gt,sv,-2,92
gt,hn,-6,15
gt,mx,-0,57
gt,ni,-0,39
gt,pa,-0,37
gt,es,1
gt,us,5,21
gt,ve,1,14
hk,au,4,39
hk,at,0,04
hk,bd,-0,11
hk,be,0,22
hk,br,0,2
hk,ca,1,27
hk,cn,7,88
hk,dk,-0,04
hk,fi,-0,03
hk,fr,3,31
hk,de,-0,05
hk,in,3,33
hk,id,-0,2
hk,ie,0,15
hk,il,0,07
hk,it,0,5
hk,jp,0
hk,kr,0,68
hk,my,0,07
hk,mx,0
hk,nl,-0,07
hk,nz,-0,18
hk,ng,1,98
hk,pk,-0,07
hk,ph,0,1
hk,qa,0,01
hk,sg,-1,63
hk,za,0,72
hk,es,0,39
hk,se,0
hk,ch,0,56
hk,tw,1,57
hk,th,0,02
hk,tr,0,09
hk,ae,-0,35
hk,gb,7,84
hk,us,6,62
hk,vn,-0,13
hn,ca,-0,49
hn,cr,-0,31
hn,gt,13,46
hn,mx,-0,18
hn,ni,-0,18
hn,es,1,74
hn,us,7,24
hr,au,-0,91
hr,at,-2,37
hr,be,-1,21
hr,ba,1,36
hr,ca,-0,91
hr,cz,-0,23
hr,fr,-0,51
hr,de,-10,63
hr,ie,-8,31
hr,it,-0,38
hr,nl,-0,98
hr,no,-0,96
hr,pl,-0,48
hr,rs,0,4
hr,si,-0,13
hr,es,-0,43
hr,se,-0,76
hr,ch,-0,83
hr,ae,-0,96
hr,gb,-2,2
hr,us,8,16
ht,ca,-3,16
ht,do,1,05
ht,fr,1,76
ht,us,11,86
hu,au,-0,44
hu,at,-4,07
hu,be,-0,99
hu,br,-1,07
hu,ca,-0,46
hu,cn,-0,03
hu,cz,-0,39
hu,dk,-1,12
hu,fi,-0,09
hu,fr,-0,27
hu,de,-7,25
hu,gr,-0,05
hu,in,1,53
hu,ie,-1,31
hu,it,0,82
hu,jp,-0,14
hu,lu,-0,56
hu,mt,-0,36
hu,nl,-1,86
hu,nz,-0,36
hu,no,-0,31
hu,pl,0,03
hu,pt,-0,1
hu,ro,2,21
hu,rs,0,92
hu,sg,-0,14
hu,sk,0,54
hu,es,-1,16
hu,se,-1,6
hu,ch,-2,83
hu,tr,0,17
hu,ua,1,07
hu,ae,-0,48
hu,gb,-13,13
hu,us,5,67
id,af,-0,02
id,ao,0
id,au,0,2
id,be,-0,01
id,br,0,03
id,kh,0
id,ca,0,76
id,cn,0,26
id,dk,-0,05
id,fr,0,04
id,de,-0,16
id,hk,0,05
id,in,0,26
id,il,0,24
id,it,0
id,jp,0,03
id,kr,0,03
id,my,0,14
id,mm,-0,04
id,nl,-0,02
id,nz,-0,11
id,ng,0,06
id,no,0,07
id,om,-0,01
id,ph,-0,07
id,qa,-0,14
id,sa,-0,16
id,sg,0,57
id,za,-0,02
id,es,0,01
id,se,-0,04
id,ch,-0,01
id,tw,0,07
id,th,0,03
id,tr,-0,02
id,ae,-0,16
id,gb,-0,25
id,us,17,87
id,vn,-0,04
ie,ar,0,53
ie,au,3,83
ie,at,0,27
ie,be,0,44
ie,br,10,16
ie,bg,0,36
ie,ca,-0,98
ie,cl,-0,02
ie,cn,0,31
ie,co,-0,06
ie,hr,2,34
ie,cz,0,33
ie,dk,0,09
ie,eg,0,26
ie,fi,0,14
ie,fr,3,76
ie,de,-0,32
ie,gr,0,38
ie,hk,-0,12
ie,hu,0,55
ie,in,4,42
ie,il,0,1
ie,it,4,57
ie,jp,0,23
ie,kr,0,09
ie,lt,-0,01
ie,lu,-0,14
ie,my,-0,02
ie,mt,-0,04
ie,mx,0,31
ie,nl,0,93
ie,nz,-0,03
ie,ng,0,18
ie,no,0,14
ie,pk,0,14
ie,ph,0,17
ie,pl,0,47
ie,pt,1
ie,qa,-0,16
ie,ro,1,31
ie,sa,-0,43
ie,sg,-0,31
ie,sk,0,08
ie,za,0,63
ie,es,2,69
ie,se,-0,21
ie,ch,-0,41
ie,tw,0,03
ie,th,0,01
ie,tr,0,57
ie,ua,0,36
ie,ae,-1,1
ie,gb,-2,62
ie,us,3,78
ie,ve,0,28
ie,vn,0
il,ar,0,29
il,au,-0,3
il,at,0,1
il,be,0,09
il,br,0,51
il,ca,-2,26
il,cn,0,06
il,cy,-0,06
il,fr,1,22
il,de,-1,33
il,hk,-0,06
il,in,0,54
il,id,-0,97
il,ie,-0,11
il,it,0,17
il,mx,-0,07
il,nl,-0,43
il,sg,-0,02
il,za,0,23
il,es,-0,07
il,se,-0,14
il,ch,-0,02
il,th,0,01
il,tr,0,21
il,ua,1,25
il,gb,-1,29
il,us,0,3
il,ps,-2,02
in,af,-0,02
in,al,0
in,dz,-0,01
in,ao,-0,01
in,ar,-0,01
in,au,-2,1
in,at,-0,02
in,bh,-0,22
in,bd,-0,01
in,be,-0,05
in,bw,-0,01
in,br,-0,01
in,bg,0,02
in,kh,-0,01
in,cm,-0,01
in,ca,-2,37
in,cl,-0,01
in,cn,-0,04
in,co,-0,01
in,cd,-0,01
in,ci,-0,01
in,cz,-0,03
in,dk,-0,08
in,eg,0
in,et,-0,02
in,fi,0,04
in,fr,-0,17
in,ge,-0,02
in,de,-0,87
in,gh,-0,02
in,gr,-0,01
in,hk,-0,11
in,hu,-0,03
in,is,0,06
in,id,-0,04
in,ir,-0,02
in,iq,-0,02
in,ie,-0,19
in,il,-0,02
in,it,-0,07
in,jp,0,01
in,jo,0
in,kz,-0,01
in,ke,-0,06
in,kr,-0,04
in,kw,-0,36
in,lt,-0,01
in,lu,-0,02
in,mw,0
in,my,-0,33
in,mu,-0,01
in,mx,-0,05
in,ma,-0,01
in,mz,-0,01
in,mm,-0,03
in,np,-0,06
in,nl,-0,32
in,nz,-0,5
in,ng,-0,11
in,no,0,06
in,om,-0,19
in,pk,-0,01
in,pg,0
in,ph,-0,04
in,pl,0,08
in,pt,-0,01
in,qa,-0,99
in,ro,0,01
in,rw,-0,01
in,sa,-1,39
in,sg,-0,99
in,sk,0
in,za,-0,04
in,es,-0,05
in,lk,-0,04
in,sd,-0,01
in,se,-0,17
in,ch,-0,06
in,tw,-0,03
in,tz,-0,07
in,th,-0,07
in,tr,-0,02
in,ug,-0,02
in,ua,0
in,ae,-6,66
in,gb,-0,32
in,us,-2,42
in,vn,-0,03
in,ye,0
in,zm,-0,03
iq,af,1,74
iq,au,-0,78
iq,ca,-1,51
iq,cn,0,23
iq,eg,1,25
iq,fr,0,38
iq,de,-0,7
iq,in,1,97
iq,ir,-3,22
iq,it,0,32
iq,jo,0,43
iq,kw,0,26
iq,lb,0,38
iq,my,1,83
iq,nl,0,55
iq,om,-0,03
iq,pk,1,3
iq,qa,0,09
iq,sa,-1,39
iq,se,-0,41
iq,sy,1,51
iq,tr,-0,67
iq,ae,1,36
iq,gb,2,52
iq,us,13,47
ir,af,-0,02
ir,am,0,02
ir,au,-3,8
ir,at,-0,4
ir,be,-0,07
ir,ca,-11,01
ir,cn,-0,12
ir,dk,-1,07
ir,fi,-0,13
ir,fr,0,22
ir,de,-0,11
ir,in,0,4
ir,iq,0,58
ir,it,-0,83
ir,jp,0,23
ir,kr,-0,06
ir,my,1,49
ir,nl,0,88
ir,nz,-0,38
ir,no,0,05
ir,ro,4,42
ir,sg,0,15
ir,es,-0,14
ir,se,-0,18
ir,ch,0,05
ir,tr,-0,59
ir,ae,0,23
ir,gb,3,15
ir,us,32,47
is,ca,-0,31
is,dk,1,44
is,fr,0
is,de,-0,51
is,in,-10,89
is,ng,-28,67
is,no,-0,92
is,za,-8,17
is,es,-1,18
is,se,-0,21
is,gb,1,03
is,us,3,96
is,zw,-13,67
it,af,-0,05
it,al,-0,07
it,dz,0,01
it,ao,-0,02
it,ar,0,03
it,au,-0,26
it,at,-0,3
it,az,0,01
it,bd,-0,01
it,by,0,02
it,be,-0,5
it,br,0,27
it,bg,-0,03
it,ca,-0,2
it,cl,-0,02
it,cn,-0,15
it,co,-0,07
it,cr,0
it,hr,0,02
it,cy,-0,01
it,cz,-0,15
it,dk,-0,25
it,do,-0,01
it,ec,-0,01
it,eg,0,04
it,ee,-0,01
it,et,0
it,fi,-0,05
it,fr,-0,93
it,de,-1,91
it,gh,-0,01
it,gr,0,03
it,hk,-0,07
it,hu,-0,05
it,in,0,27
it,id,0
it,ir,0,18
it,iq,-0,01
it,ie,-0,73
it,il,-0,02
it,jp,-0,04
it,jo,-0,01
it,kz,-0,03
it,ke,-0,04
it,kr,0,01
it,kw,-0,01
it,lv,0,01
it,lb,0,01
it,lt,-0,01
it,lu,-0,28
it,my,0,01
it,mt,-0,28
it,mx,-0,04
it,md,0,03
it,ma,-0,01
it,nl,-0,72
it,nz,-0,06
it,ng,-0,01
it,no,-0,1
it,pk,0,06
it,pa,-0,04
it,pe,-0,03
it,ph,-0,01
it,pl,-0,18
it,pt,-0,04
it,qa,-0,07
it,ro,-0,06
it,sa,-0,05
it,sn,-0,04
it,rs,0,06
it,sg,-0,12
it,sk,0
it,si,-0,01
it,za,-0,02
it,es,-1,18
it,se,-0,28
it,ch,-2,56
it,tw,0,01
it,tz,-0,03
it,th,-0,04
it,tn,0,01
it,tr,0,12
it,ua,0,08
it,ae,-0,61
it,gb,-4,8
it,us,1,44
it,ve,0,12
it,vn,0
jm,ca,-10,08
jm,tt,-0,72
jm,gb,-1,04
jm,us,-2,66
jo,au,-0,77
jo,bh,-0,49
jo,ca,-1,67
jo,eg,0,72
jo,fr,-0,09
jo,de,-1,83
jo,in,0,35
jo,iq,-0,35
jo,it,0,28
jo,kw,-1,11
jo,lb,0,44
jo,my,0,49
jo,nl,-0,14
jo,om,-0,53
jo,qa,-5,37
jo,sa,-20,81
jo,es,0,12
jo,ch,-0,09
jo,sy,0,07
jo,tr,-1,23
jo,ae,-27,55
jo,gb,0,67
jo,us,4,69
jo,ps,0,81
jp,au,0,04
jp,at,-0,01
jp,bd,-0,23
jp,be,0,15
jp,br,-0,31
jp,ca,0,36
jp,cn,-3,59
jp,cz,-0,01
jp,dk,-0,06
jp,eg,0,02
jp,fi,0,06
jp,fr,1,71
jp,de,-0,38
jp,hk,0
jp,hu,0,06
jp,in,-0,27
jp,id,-0,1
jp,ir,-0,3
jp,ie,-0,22
jp,it,0,26
jp,kr,0,29
jp,my,-0,36
jp,mx,-0,01
jp,mm,-0,24
jp,nl,0,1
jp,nz,-0,13
jp,ng,0,56
jp,no,0,01
jp,pk,-0,04
jp,ph,0,48
jp,pl,0,08
jp,sa,-0,12
jp,sg,-1,03
jp,za,0,26
jp,es,0,3
jp,lk,0,02
jp,se,-0,19
jp,ch,0,01
jp,tw,0,14
jp,th,-0,44
jp,tr,0,17
jp,ae,-0,06
jp,gb,1,47
jp,us,3,73
jp,vn,-0,17
ke,au,-0,32
ke,be,0,04
ke,ca,-0,5
ke,cn,0,01
ke,cd,-0,46
ke,dk,0,19
ke,et,-0,03
ke,fr,0,19
ke,de,-0,11
ke,gh,0
ke,in,1,83
ke,it,0,27
ke,mu,0,21
ke,nl,0,2
ke,ng,-0,44
ke,no,4,75
ke,qa,-0,23
ke,rw,0,12
ke,sa,0,09
ke,za,1,48
ke,es,0,02
ke,se,0,05
ke,ch,0,09
ke,tz,-0,2
ke,ug,0,38
ke,ae,-1,26
ke,gb,3,08
ke,us,40,35
ke,zm,-0,4
ke,zw,-0,03
kh,au,2,52
kh,ca,0,88
kh,cn,0,77
kh,fr,3,78
kh,de,0,16
kh,in,1,53
kh,id,0
kh,kr,1,2
kh,my,1,92
kh,nl,0,82
kh,ph,0,49
kh,sg,-0,16
kh,th,1,81
kh,gb,0,16
kh,us,14,99
kh,vn,8,43
kr,au,-0,46
kr,bd,0,12
kr,be,0,09
kr,br,-0,07
kr,kh,-0,18
kr,ca,-1,55
kr,cn,-1,08
kr,co,-0,13
kr,dk,-0,02
kr,fi,-0,16
kr,fr,0,39
kr,de,-0,85
kr,hk,-0,64
kr,in,1,01
kr,id,-0,14
kr,ir,0,1
kr,ie,-0,11
kr,it,-0,05
kr,jp,-0,35
kr,my,0,19
kr,mx,-0,02
kr,nl,-0,28
kr,nz,-0,29
kr,ng,0,1
kr,no,-0,3
kr,pk,0,45
kr,ph,-0,26
kr,pl,-0,13
kr,qa,0
kr,sa,-0,1
kr,sg,-1,68
kr,za,-0,02
kr,es,-0,03
kr,se,-0,22
kr,ch,0
kr,tw,-0,11
kr,th,0
kr,tr,-0,08
kr,ae,-0,67
kr,gb,-0,28
kr,us,-3,66
kr,vn,-0,49
kw,af,0,49
kw,au,-0,73
kw,bh,0,4
kw,ca,-3,75
kw,cn,-0,16
kw,eg,9,55
kw,fr,0,16
kw,de,-0,62
kw,in,32,55
kw,iq,-0,24
kw,it,0,22
kw,jo,1,29
kw,lb,1,78
kw,my,0,32
kw,ng,-1,91
kw,om,0,08
kw,pk,0,08
kw,ph,1,7
kw,qa,-2,1
kw,sa,-1,32
kw,za,-0,67
kw,es,0,49
kw,tr,0,7
kw,ae,-8,33
kw,gb,3,83
kw,us,11,46
kz,au,0,09
kz,az,0,13
kz,ca,-0,7
kz,cn,0,77
kz,fr,0,62
kz,de,-0,31
kz,in,0,73
kz,it,0,48
kz,my,0,09
kz,nl,-0,09
kz,tr,0,11
kz,ua,1,54
kz,ae,-1,32
kz,gb,3,52
kz,us,3,14
kz,uz,0,09
lb,au,-1,76
lb,bh,-0,14
lb,be,-0,55
lb,ca,-5,92
lb,eg,0,1
lb,fr,-5,23
lb,de,-2,78
lb,gh,-0,17
lb,iq,-0,31
lb,it,-0,29
lb,jo,-0,45
lb,kw,-1,57
lb,nl,-0,74
lb,ng,-0,55
lb,om,-0,45
lb,qa,-0,38
lb,sa,-9,21
lb,es,-0,45
lb,se,-0,67
lb,ch,-0,12
lb,sy,1,24
lb,tr,-1,19
lb,ae,-24,34
lb,gb,0,12
lb,us,10,16
lk,au,-10,36
lk,bd,-0,06
lk,ca,-1,25
lk,cn,-0,05
lk,fr,-0,11
lk,de,-0,32
lk,in,2,09
lk,jp,-0,05
lk,my,0,16
lk,nz,-1,72
lk,om,-0,05
lk,qa,-4,63
lk,sa,-0,85
lk,sg,-1,19
lk,th,-0,02
lk,ae,-5,31
lk,gb,1,08
lk,us,8,23
lt,au,-0,75
lt,by,1,17
lt,be,0,38
lt,ca,-0,38
lt,dk,0,46
lt,fr,-0,33
lt,de,-1,42
lt,in,1,33
lt,ie,0,08
lt,it,0,42
lt,lv,-0,5
lt,nl,-0,63
lt,no,0,46
lt,pl,-0,63
lt,es,-0,5
lt,se,-0,08
lt,ch,-0,71
lt,tr,-0,25
lt,ua,1,71
lt,gb,-5,71
lt,us,6,8
lu,au,0,46
lu,at,0,6
lu,be,49,67
lu,br,1,66
lu,ca,1,26
lu,cn,0,4
lu,cz,1,13
lu,dk,0,2
lu,fi,1,73
lu,fr,150,68
lu,de,25,37
lu,gr,4,52
lu,hu,2,19
lu,in,3,32
lu,ie,1,26
lu,it,16,47
lu,nl,6,77
lu,pl,4,71
lu,pt,4,91
lu,ro,7,5
lu,sg,-0,27
lu,es,7,3
lu,se,1,06
lu,ch,-4,25
lu,ae,-0,6
lu,gb,5,58
lu,us,4,98
lv,be,0,1
lv,dk,1,59
lv,ee,-1,06
lv,fr,0,24
lv,de,-3,17
lv,it,-0,48
lv,lt,0,58
lv,nl,0,43
lv,no,0,29
lv,es,-0,82
lv,se,0,24
lv,ch,-0,91
lv,ua,2,55
lv,gb,-2,64
lv,us,3,6
ly,ca,-2,27
ly,eg,-6,14
ly,tn,-0,76
ly,tr,-2,69
ly,ae,-3,95
ly,gb,-1,51
ly,us,8,41
ma,dz,0,05
ma,be,-0,11
ma,ca,-1,99
ma,cn,0,03
ma,ci,-0,27
ma,eg,0,04
ma,fr,-6,6
ma,de,-0,45
ma,in,0,17
ma,it,0,1
ma,nl,0,03
ma,qa,-0,57
ma,sa,-0,12
ma,sn,-0,15
ma,es,0,09
ma,ch,0,01
ma,tn,0,39
ma,tr,-0,35
ma,ae,-1,57
ma,gb,0,34
ma,us,6,37
md,ca,-5,47
md,fr,-3,1
md,de,-5,22
md,it,-2,2
md,ro,-10,69
md,ua,-1,06
md,gb,-7,18
md,us,-5,71
mg,ca,-1,3
mg,fr,4,45
mg,mu,0,65
mg,us,9
mk,de,-5,29
mk,nl,-2,78
mk,tr,-0,07
mk,ae,-2,78
mk,gb,-2,58
mk,us,-0,99
ml,ci,3,77
ml,fr,10,05
ml,sn,0,11
ml,us,15,19
mm,au,2,44
mm,cn,3,17
mm,fr,0,57
mm,in,5,67
mm,id,1,09
mm,jp,1,82
mm,my,2,44
mm,ph,2,65
mm,sg,11,75
mm,th,9,88
mm,ae,2,7
mm,gb,3,54
mm,us,14,77
mm,vn,0,57
mn,au,1,21
mn,cn,2,78
mn,gb,1,69
mn,us,11,47
mt,au,0,16
mt,be,-0,08
mt,br,0,48
mt,cz,0,4
mt,dk,0,48
mt,fr,0,97
mt,de,-0,57
mt,hu,1,7
mt,ie,0,4
mt,it,20,1
mt,nl,2,26
mt,ph,1,53
mt,pl,2,83
mt,es,-0,81
mt,se,2,66
mt,ch,0,48
mt,tr,1,53
mt,ae,-0,57
mt,gb,8,56
mt,us,4,6
mu,au,-1
mu,ca,-4,19
mu,fr,6,12
mu,in,1,33
mu,ke,-1,6
mu,mg,-0,4
mu,my,1,2
mu,za,-0,33
mu,ae,-1,73
mu,gb,3,52
mu,us,9,04
mw,in,1,74
mw,za,2,39
mw,gb,15,85
mw,us,49,82
mx,ar,0,25
mx,au,-0,09
mx,at,-0,02
mx,be,-0,02
mx,bo,0
mx,br,0,3
mx,ca,0,07
mx,cl,0,02
mx,cn,-0,03
mx,co,0,08
mx,cr,0,04
mx,cu,0,02
mx,dk,-0,03
mx,do,-0,03
mx,ec,-0,04
mx,sv,0,02
mx,fi,0
mx,fr,-0,04
mx,de,-0,36
mx,gt,0,03
mx,hn,0
mx,hk,0
mx,in,0,2
mx,ie,-0,05
mx,il,0,01
mx,it,0,05
mx,jp,0
mx,kr,0
mx,my,0,01
mx,nl,-0,1
mx,nz,-0,03
mx,ni,-0,01
mx,no,-0,02
mx,pa,0
mx,pe,-0,05
mx,ph,0,03
mx,pl,-0,01
mx,pt,-0,01
mx,pr,-0,03
mx,sa,-0,02
mx,sg,0,03
mx,za,-0,01
mx,es,2,13
mx,se,-0,06
mx,ch,-0,02
mx,th,0,01
mx,ae,-0,04
mx,gb,-0,24
mx,us,0,39
mx,uy,0
mx,ve,1,01
my,dz,0,06
my,au,-0,61
my,bh,0
my,bd,0,26
my,be,-0,02
my,br,-0,02
my,kh,-0,14
my,ca,-0,47
my,cn,0,04
my,dk,-0,11
my,eg,0,02
my,fr,0,26
my,de,-0,34
my,hk,-0,03
my,in,4,22
my,id,-0,27
my,ir,-1,11
my,iq,-0,25
my,ie,0,01
my,it,-0,03
my,jp,0,2
my,jo,-0,08
my,kz,-0,02
my,kr,-0,09
my,kw,-0,05
my,mu,-0,07
my,mx,-0,02
my,mm,-0,18
my,nl,0,14
my,nz,-0,5
my,ng,-0,47
my,no,0
my,om,0,03
my,pk,0,23
my,ph,0,64
my,qa,-0,15
my,sa,-0,84
my,sg,-7,77
my,za,-0,04
my,es,0,07
my,lk,-0,04
my,sd,-0,11
my,se,-0,02
my,ch,-0,02
my,tw,-0,02
my,th,-0,14
my,tr,-0,11
my,ae,-0,7
my,gb,0,18
my,us,6,26
my,vn,-0,13
my,ye,-0,03
mz,br,0,55
mz,in,1,42
mz,pt,8,69
mz,za,6,47
mz,gb,4,87
mz,us,21,69
mz,zw,2,03
na,ao,-6,97
na,de,0,5
na,za,20,9
na,gb,6,72
na,us,22,39
na,zm,-2,99
na,zw,2,4
ng,ao,-0,07
ng,au,-0,49
ng,bj,-0,01
ng,cm,-0,06
ng,ca,-3,32
ng,cn,-0,21
ng,ci,-0,07
ng,cy,-0,03
ng,eg,0
ng,fr,0,32
ng,de,-0,15
ng,gh,0,35
ng,hk,-0,98
ng,is,2,42
ng,in,1,56
ng,id,-0,13
ng,ie,-0,11
ng,it,0,05
ng,jp,-0,35
ng,ke,0,23
ng,kr,-0,05
ng,kw,0,31
ng,lb,0,1
ng,my,0,53
ng,nl,0,09
ng,no,3,66
ng,pk,0,01
ng,ph,0,05
ng,pl,1,04
ng,qa,-0,19
ng,sa,-0,19
ng,sg,0,01
ng,za,0,17
ng,es,-0,04
ng,ch,-0,07
ng,tz,-0,08
ng,tr,0,18
ng,ug,0,04
ng,ua,0,11
ng,ae,-1,41
ng,gb,55,3
ng,us,37,12
ni,ca,-0,49
ni,cr,0,98
ni,gt,0,93
ni,hn,0,2
ni,mx,0,25
ni,pa,-0,64
ni,es,2,02
ni,us,7,38
nl,af,-0,04
nl,al,0
nl,ar,0,11
nl,au,-0,17
nl,at,-0,02
nl,az,-0,01
nl,bd,0,02
nl,be,-0,87
nl,br,0,39
nl,bg,0,09
nl,kh,-0,03
nl,ca,0,03
nl,cl,0,03
nl,cn,-0,04
nl,co,0,01
nl,cr,-0,01
nl,hr,0,07
nl,cy,0,01
nl,cz,0,13
nl,dk,-0,1
nl,ec,0,01
nl,eg,0,1
nl,ee,-0,01
nl,et,-0,04
nl,fi,0,1
nl,fr,0,44
nl,de,-1,11
nl,gh,0,01
nl,gr,0,41
nl,hk,0,01
nl,hu,0,18
nl,in,1,78
nl,id,0,01
nl,ir,-0,28
nl,iq,-0,03
nl,ie,-0,22
nl,il,0,09
nl,it,1,07
nl,jp,-0,03
nl,jo,0,01
nl,kz,0,01
nl,ke,-0,04
nl,kr,0,06
nl,lv,-0,02
nl,lb,0,05
nl,lt,0,03
nl,lu,-0,17
nl,mk,0,07
nl,my,-0,06
nl,mt,-0,05
nl,mx,0,13
nl,ma,-0,01
nl,np,-0,02
nl,nz,-0,07
nl,ng,-0,04
nl,no,-0,12
nl,om,0,01
nl,pk,0,01
nl,pa,0
nl,pe,0,03
nl,ph,0,02
nl,pl,0,18
nl,pt,0,22
nl,qa,-0,05
nl,ro,0,35
nl,sa,-0,06
nl,rs,0,1
nl,sg,-0,08
nl,sk,0,02
nl,si,0,03
nl,za,0,13
nl,es,0,2
nl,se,-0,18
nl,ch,-0,61
nl,sy,0,08
nl,tw,0,03
nl,tz,-0,02
nl,th,-0,02
nl,tr,0,39
nl,ug,-0,03
nl,ua,0,31
nl,ae,-0,41
nl,gb,-0,55
nl,us,0,53
nl,ve,0,07
nl,vn,-0,03
no,au,0,67
no,at,0,12
no,bd,-0,32
no,be,0,18
no,br,-0,02
no,bg,0,09
no,ca,-0,16
no,cn,-0,05
no,hr,0,28
no,cz,-0,06
no,dk,0,69
no,eg,-0,1
no,ee,-0,04
no,et,-0,18
no,fi,0,04
no,fr,0,52
no,de,-0,15
no,gh,-1,58
no,gr,0,39
no,hu,0,13
no,is,0,13
no,in,-1,43
no,id,-0,27
no,ir,-0,07
no,ie,-0,14
no,it,0,64
no,jp,-0,01
no,ke,-4,1
no,kr,0,27
no,lv,-0,04
no,lt,-0,08
no,my,0,01
no,mx,0,1
no,np,-0,06
no,nl,0,53
no,nz,0,04
no,ng,-6,24
no,pk,-0,35
no,ph,-0,2
no,pl,0,83
no,pt,0,48
no,ro,0,31
no,rs,0,64
no,sg,0
no,za,-3,42
no,es,0,55
no,se,-0,46
no,ch,0,1
no,tz,-0,51
no,th,0,2
no,tr,0,19
no,ug,-0,28
no,ua,0,08
no,ae,-0,25
no,gb,0,94
no,us,2,44
no,zw,-0,66
np,au,-6,74
np,ca,-3,11
np,cn,0,57
np,fr,-0,27
np,de,-0,12
np,in,6,38
np,nl,0,42
np,no,0,24
np,qa,-0,87
np,th,0,15
np,ae,-1,56
np,gb,1,59
np,us,-1,74
nz,ar,0,81
nz,au,0,8
nz,at,-0,01
nz,bd,0,35
nz,be,0,13
nz,br,1,67
nz,ca,0,31
nz,cl,0,07
nz,cn,2,92
nz,co,0,18
nz,cz,0,29
nz,dk,-0,06
nz,fj,0,25
nz,fr,1,16
nz,de,-0,21
nz,hk,0,15
nz,hu,0,15
nz,in,12,29
nz,id,0,41
nz,ir,0,54
nz,ie,0,03
nz,it,0,4
nz,jp,0,13
nz,kr,0,26
nz,my,0,95
nz,mx,0,18
nz,nl,0,32
nz,no,-0,04
nz,pk,0,61
nz,pg,-0,13
nz,ph,2,83
nz,pl,0,24
nz,qa,0,12
nz,sa,-0,13
nz,sg,1,85
nz,za,4,31
nz,es,0,29
nz,lk,0,79
nz,se,-0,07
nz,ch,-0,14
nz,tw,0,06
nz,th,0,12
nz,tr,0,13
nz,ae,0,44
nz,gb,0,22
nz,us,4,88
nz,vn,0,13
om,au,-2,27
om,bh,0
om,ca,-3,01
om,cn,0,62
om,eg,1,03
om,fr,-0,07
om,de,0,26
om,in,22,82
om,id,0,26
om,iq,0,04
om,jo,0,84
om,kw,-0,11
om,lb,0,7
om,my,-0,26
om,nl,-0,11
om,pk,2,75
om,ph,0,7
om,qa,-6,35
om,sa,-0,88
om,sg,-0,73
om,za,0,37
om,es,0,48
om,lk,0,11
om,tr,0,99
om,ae,-18,64
om,gb,0,81
om,us,9,58
pa,ar,1,61
pa,br,2,66
pa,ca,1,21
pa,cl,-1,24
pa,co,3,56
pa,cr,0,45
pa,do,1
pa,ec,-0,95
pa,sv,0,77
pa,fr,0,71
pa,de,0,03
pa,gt,0,47
pa,it,0,92
pa,mx,0,05
pa,nl,-0,05
pa,ni,0,34
pa,pe,0,08
pa,es,3,4
pa,ch,0,63
pa,gb,0,26
pa,us,8,92
pa,ve,60,58
pe,ar,0,37
pe,au,-0,16
pe,be,-0,01
pe,bo,0
pe,br,0,41
pe,ca,-0,05
pe,cl,0,11
pe,cn,0,02
pe,co,0,35
pe,cr,-0,02
pe,do,0,01
pe,ec,0,09
pe,fr,-0,05
pe,de,-0,07
pe,it,0,11
pe,mx,0,15
pe,nl,-0,06
pe,pa,-0,01
pe,es,1,68
pe,ch,0
pe,gb,-0,18
pe,us,3,93
pe,uy,-0,01
pe,ve,1,32
pg,au,45,58
pg,in,1,5
pg,nz,1,93
pg,ph,3,97
pg,us,29,81
ph,au,-2,1
ph,bh,-0,18
ph,be,-0,03
ph,br,0,02
ph,kh,-0,03
ph,ca,-2,91
ph,cn,0,02
ph,dk,-0,03
ph,fr,-0,01
ph,de,-0,19
ph,hk,-0,03
ph,in,0,44
ph,id,0,11
ph,ie,-0,07
ph,it,0,03
ph,jp,-0,21
ph,kr,0,1
ph,kw,-0,19
ph,my,-0,49
ph,mt,-0,06
ph,mx,-0,07
ph,mm,-0,15
ph,nl,-0,04
ph,nz,-1,15
ph,ng,-0,04
ph,no,0,08
ph,om,-0,06
ph,pg,-0,11
ph,qa,-1,64
ph,sa,-2,69
ph,sg,-1,35
ph,za,0,04
ph,es,0
ph,se,-0,05
ph,ch,-0,01
ph,tw,-0,08
ph,th,-0,1
ph,tr,0,01
ph,ae,-7,83
ph,gb,-0,36
ph,us,1,98
ph,vn,-0,11
pk,af,-0,23
pk,au,-3,2
pk,bh,-0,59
pk,be,-0,07
pk,ca,-3,46
pk,cn,-0,45
pk,dk,-0,14
pk,fi,-0,16
pk,fr,-0,1
pk,de,-1,12
pk,hk,0,03
pk,in,0,07
pk,iq,-0,15
pk,ie,-0,07
pk,it,-0,18
pk,jp,0,02
pk,kr,-0,19
pk,kw,-0,01
pk,my,-0,2
pk,nl,-0,01
pk,nz,-0,28
pk,ng,-0,01
pk,no,0,16
pk,om,-0,25
pk,qa,-0,95
pk,sa,-7,99
pk,sg,-0,09
pk,za,-0,01
pk,es,-0,08
pk,se,-0,13
pk,th,-0,01
pk,tr,-0,09
pk,ae,-19,13
pk,gb,0,1
pk,us,5,19
pl,au,-0,73
pl,at,-0,28
pl,by,0,51
pl,be,-0,08
pl,br,0,37
pl,bg,0,12
pl,ca,-0,16
pl,cn,-0,08
pl,hr,0,11
pl,cz,0
pl,dk,-0,15
pl,eg,0,14
pl,fi,-0,05
pl,fr,0,65
pl,de,-2,9
pl,gr,0,21
pl,hu,-0,01
pl,in,-1,49
pl,ie,-0,37
pl,it,0,9
pl,jp,-0,06
pl,kr,0,09
pl,lt,0,08
pl,lu,-0,4
pl,mt,-0,2
pl,mx,0,07
pl,nl,-0,6
pl,nz,-0,19
pl,ng,-1,36
pl,no,-0,63
pl,pt,0,22
pl,qa,-0,08
pl,ro,0,19
pl,sa,-0,13
pl,sg,0,03
pl,sk,0,05
pl,za,-0,19
pl,es,-0,31
pl,se,-0,07
pl,ch,-1,6
pl,th,-0,05
pl,tr,0,3
pl,ua,7,42
pl,ae,-0,73
pl,gb,-6,48
pl,us,2,52
pr,do,0,21
pr,mx,0,52
pr,es,0,75
pr,us,-37,01
ps,de,-1,29
ps,il,23,38
ps,jo,-3,23
ps,sa,-7,02
ps,ae,-17,47
ps,gb,0,92
ps,us,11,46
pt,ao,-2,69
pt,au,-0,28
pt,at,-0,1
pt,be,-0,65
pt,br,5,62
pt,ca,-0,11
pt,cl,-0,06
pt,cn,0,03
pt,co,-0,03
pt,cz,-0,12
pt,dk,-0,26
pt,fi,-0,07
pt,fr,-0,88
pt,de,-1,4
pt,hu,0,03
pt,in,0,18
pt,ie,-0,68
pt,it,0,18
pt,lu,-0,36
pt,mx,0,03
pt,mz,-0,68
pt,nl,-0,62
pt,no,-0,32
pt,pl,-0,19
pt,qa,-0,16
pt,ro,0,05
pt,sa,-0,13
pt,sg,-0,02
pt,za,0,07
pt,es,-0,77
pt,se,-0,19
pt,ch,-1,53
pt,tr,0,07
pt,ae,-0,66
pt,gb,-9,5
pt,us,0,66
pt,ve,0,43
py,ar,2,48
py,br,2,57
py,es,1,84
py,us,9,13
qa,dz,0,96
qa,au,-0,68
qa,bh,1,35
qa,bd,0,65
qa,be,0,37
qa,br,0,63
qa,ca,-2,12
qa,cn,-0,07
qa,dk,0,35
qa,eg,15,62
qa,fr,2,09
qa,de,0,15
qa,gr,1,46
qa,hk,-0,02
qa,in,71,44
qa,id,1,55
qa,iq,-0,07
qa,ie,0,48
qa,it,1,31
qa,jo,5,04
qa,ke,0,59
qa,kr,0
qa,kw,1,7
qa,lb,0,35
qa,my,0,83
qa,ma,1,46
qa,np,0,63
qa,nl,0,63
qa,nz,-0,35
qa,ng,0,96
qa,om,3,77
qa,pk,6,17
qa,ph,12
qa,pl,0,33
qa,pt,0,7
qa,ro,1,57
qa,sa,7,68
qa,rs,0,79
qa,sg,-0,15
qa,za,2,49
qa,es,2,6
qa,lk,6,28
qa,sd,0,65
qa,ch,0,02
qa,th,0,22
qa,tn,3,03
qa,tr,1,22
qa,ua,0,68
qa,ae,-12,48
qa,gb,8,09
qa,us,9,51
ro,au,-0,31
ro,at,-0,56
ro,be,-1,08
ro,bg,0,08
ro,ca,-0,8
ro,cn,-0,04
ro,cz,-0,28
ro,dk,-0,87
ro,eg,-0,27
ro,fi,-0,16
ro,fr,-1,65
ro,de,-4,18
ro,gr,0,12
ro,hu,-0,77
ro,in,-0,18
ro,ir,-4,99
ro,ie,-1,09
ro,it,0,29
ro,lu,-0,67
ro,md,0,77
ro,nl,-1,23
ro,no,-0,25
ro,pl,-0,2
ro,pt,-0,06
ro,qa,-0,43
ro,sa,-7,37
ro,es,-0,77
ro,se,-0,5
ro,ch,-0,44
ro,tr,0,01
ro,ua,0,14
ro,ae,-3,05
ro,gb,-14,6
ro,us,2,86
rs,au,-0,83
rs,at,-2,14
rs,be,-0,56
rs,ba,0,75
rs,ca,-2,03
rs,cn,-0,49
rs,hr,-0,34
rs,cz,-0,43
rs,fr,-0,9
rs,de,-5,19
rs,gr,0,26
rs,hu,-1,15
rs,it,-1,07
rs,nl,-1,22
rs,no,-1,86
rs,qa,-0,77
rs,si,-0,45
rs,es,-0,15
rs,se,-1,15
rs,ch,-1,47
rs,ae,-3,4
rs,gb,-0,02
rs,us,6,39
rw,ca,-0,66
rw,cd,-14,76
rw,in,3,01
rw,ke,-1,32
rw,tz,-0,94
rw,ug,1,32
rw,gb,3,1
rw,us,13,91
sa,dz,0,13
sa,au,0,97
sa,bh,0,52
sa,bd,-0,14
sa,be,-0,02
sa,br,0,11
sa,ca,0,38
sa,cn,0,14
sa,eg,12,76
sa,fr,0,45
sa,de,-0,19
sa,gr,0,18
sa,in,23,94
sa,id,0,43
sa,iq,0,25
sa,ie,0,32
sa,it,0,21
sa,jp,0,09
sa,jo,4,66
sa,ke,-0,05
sa,kr,0,06
sa,kw,0,25
sa,lb,2,01
sa,my,1,13
sa,mx,0,07
sa,ma,0,07
sa,nl,0,2
sa,nz,0,09
sa,ng,0,22
sa,om,0,12
sa,pk,12,35
sa,ph,4,69
sa,pl,0,12
sa,pt,0,14
sa,qa,-1,83
sa,ro,6,49
sa,sg,0,01
sa,za,0,97
sa,es,0,86
sa,lk,0,28
sa,sd,2,65
sa,se,-0,21
sa,ch,0,17
sa,sy,0,36
sa,th,0,07
sa,tn,0,5
sa,tr,0,53
sa,ae,-3,05
sa,gb,5,9
sa,us,29,05
sa,ps,0,4
sa,ye,0,62
sd,eg,1,21
sd,in,1,08
sd,my,1,63
sd,qa,-1,81
sd,sa,-30,67
sd,ae,-10,06
sd,gb,0,18
sd,us,28,93
se,af,0
se,au,0,37
se,at,0
se,bd,0,06
se,be,0,13
se,br,0,58
se,bg,0,11
se,ca,0,06
se,cl,0
se,cn,0,61
se,co,0,06
se,hr,0,13
se,cz,0,12
se,dk,-1,33
se,eg,0,19
se,ee,0,04
se,fi,1,13
se,fr,0,9
se,de,-0,2
se,gr,0,86
se,hk,0
se,hu,0,41
se,is,0,02
se,in,2,45
se,id,0,08
se,ir,0,15
se,iq,0,06
se,ie,0,13
se,il,0,08
se,it,1,05
se,jp,0,12
se,ke,-0,03
se,kr,0,12
se,lv,-0,02
se,lb,0,12
se,lt,0,01
se,lu,-0,07
se,my,0,02
se,mt,-0,14
se,mx,0,21
se,nl,0,47
se,nz,0,04
se,no,0,27
se,pk,0,17
se,ph,0,07
se,pl,0,05
se,pt,0,17
se,ro,0,37
se,sa,0,18
se,rs,0,24
se,sg,0,03
se,sk,0,03
se,za,0,08
se,es,0,74
se,ch,-0,07
se,sy,0,5
se,tw,0,01
se,th,0,26
se,tr,0,52
se,ua,0,44
se,ae,0
se,gb,1,12
se,us,3,79
se,vn,0,05
sg,au,-0,01
sg,at,-0,02
sg,bd,0,21
sg,be,0,31
sg,br,0,56
sg,kh,0,02
sg,ca,-1,42
sg,cn,2,07
sg,cz,0,07
sg,dk,-0,06
sg,fi,0
sg,fr,3,13
sg,de,-0,36
sg,hk,1,15
sg,hu,0,05
sg,in,20,27
sg,id,-1,76
sg,ir,-0,17
sg,ie,0,27
sg,il,0,02
sg,it,0,62
sg,jp,0,91
sg,kr,1,26
sg,lu,0,02
sg,my,12,32
sg,mx,-0,13
sg,mm,-1,39
sg,nl,0,29
sg,nz,-1,55
sg,ng,-0,01
sg,no,0
sg,om,0,12
sg,pk,0,17
sg,ph,2,8
sg,pl,-0,04
sg,pt,0,02
sg,qa,0,04
sg,sa,-0,01
sg,za,0,23
sg,es,0,39
sg,lk,0,46
sg,se,-0,05
sg,ch,0,19
sg,tw,0,79
sg,th,-0,14
sg,tr,0,07
sg,ae,-2,18
sg,gb,2,57
sg,us,1,76
sg,vn,0,25
si,at,-5,14
si,be,-0,82
si,hr,0,23
si,fr,-0,45
si,de,-3,77
si,it,0,55
si,nl,-0,68
si,rs,0,96
si,es,0,41
si,ch,-0,91
si,gb,-4,46
si,us,5,59
sk,au,-1,08
sk,at,-3,92
sk,be,-0,26
sk,ca,0,09
sk,cz,-14,7
sk,dk,-1,43
sk,fr,-0,03
sk,de,-2,16
sk,hu,-0,94
sk,in,0,2
sk,ie,-0,32
sk,it,0,12
sk,nl,-0,38
sk,pl,-0,26
sk,es,-0,23
sk,se,-0,23
sk,ch,-2,19
sk,tr,-0,35
sk,ua,3,01
sk,ae,-0,29
sk,gb,-1,34
sk,us,5,55
sn,be,-0,18
sn,bj,0,74
sn,bf,-0,28
sn,cm,-0,04
sn,ca,-1,44
sn,ci,-1,16
sn,fr,3,38
sn,ga,-1,16
sn,it,1,16
sn,ml,-0,04
sn,ma,0,63
sn,ch,0,07
sn,gb,-0,21
sn,us,1,69
sv,ca,-0,72
sv,co,-0,04
sv,gt,5,18
sv,mx,-0,58
sv,pa,-1,05
sv,es,1,01
sv,us,-0,4
sy,ca,-3,64
sy,eg,0,74
sy,fr,-2,44
sy,de,-12,73
sy,iq,-2,95
sy,jo,-0,17
sy,lb,-2,95
sy,nl,-2,73
sy,sa,-3,92
sy,se,-6,48
sy,tr,-10,23
sy,ae,-13,81
sy,gb,-1,19
sy,us,7,73
tg,ci,-0,97
tg,fr,-2,71
tg,gh,-0,32
tg,us,-1,41
th,au,-0,83
th,at,-0,08
th,bd,-0,03
th,be,0,18
th,br,0,18
th,kh,-0,26
th,ca,-0,18
th,cn,0,86
th,dk,-0,18
th,fi,-0,11
th,fr,0,66
th,de,-0,66
th,hk,-0,02
th,in,1,8
th,id,-0,1
th,ie,-0,02
th,il,-0,01
th,it,0,27
th,jp,0,5
th,kr,0
th,my,0,29
th,mx,-0,09
th,mm,-1,52
th,np,-0,04
th,nl,0,11
th,nz,-0,13
th,no,-0,22
th,pk,0,03
th,ph,0,26
th,pl,0,06
th,qa,-0,08
th,sa,-0,1
th,sg,0,18
th,za,0,02
th,es,-0,08
th,lk,0,01
th,se,-0,48
th,ch,-0,09
th,tw,0,02
th,tr,0,1
th,ua,0,3
th,ae,-0,22
th,gb,1,49
th,us,5,35
th,vn,-0,09
tn,dz,0
tn,be,-0,16
tn,ca,-4,45
tn,ci,-2,71
tn,fr,-18,98
tn,de,-2,29
tn,it,-0,21
tn,ly,0,16
tn,ma,-0,79
tn,qa,-2,4
tn,sa,-1,65
tn,es,-0,28
tn,ch,-0,67
tn,tr,-0,53
tn,ae,-1,29
tn,gb,-0,09
tn,us,1,69
tr,af,-0,03
tr,al,0
tr,dz,-0,12
tr,au,-0,28
tr,at,-0,07
tr,az,0,21
tr,bd,-0,01
tr,by,0,01
tr,be,-0,1
tr,ba,0,05
tr,br,0,05
tr,bg,0,09
tr,ca,-0,4
tr,cn,-0,01
tr,cy,-0,85
tr,cz,-0,1
tr,dk,-0,08
tr,eg,0,22
tr,et,-0,07
tr,fi,-0,08
tr,fr,-0,16
tr,ge,-0,05
tr,de,-1,3
tr,gr,-0,11
tr,hk,-0,02
tr,hu,-0,02
tr,in,0,13
tr,id,0,02
tr,ir,0,25
tr,iq,0,05
tr,ie,-0,18
tr,il,-0,06
tr,it,-0,25
tr,jp,-0,05
tr,jo,0,12
tr,kz,-0,01
tr,kr,0,02
tr,kw,-0,06
tr,lb,0,11
tr,ly,0,07
tr,lt,0,01
tr,mk,0
tr,my,0,07
tr,mt,-0,04
tr,ma,0,09
tr,nl,-0,52
tr,nz,-0,04
tr,ng,-0,09
tr,no,-0,06
tr,om,-0,06
tr,pk,0,06
tr,ph,-0,01
tr,pl,-0,12
tr,pt,-0,03
tr,qa,-0,13
tr,ro,0
tr,sa,-0,23
tr,sg,-0,02
tr,sk,0,03
tr,za,0
tr,es,-0,18
tr,se,-0,27
tr,ch,-0,05
tr,sy,0,41
tr,th,-0,03
tr,tn,0,07
tr,ua,0,15
tr,ae,-0,64
tr,gb,-0,25
tr,us,2,79
tr,uz,0,04
tt,ca,0,15
tt,jm,0,8
tt,gb,0,87
tt,us,4,36
tw,au,-0,23
tw,be,-0,1
tw,ca,-0,33
tw,cn,-6,42
tw,fr,-0,01
tw,de,-0,3
tw,hk,-1,55
tw,in,0,74
tw,id,-0,31
tw,ie,-0,03
tw,it,-0,07
tw,jp,-0,17
tw,kr,0,11
tw,my,0,04
tw,nl,-0,14
tw,nz,-0,07
tw,ph,0,22
tw,sg,-1,11
tw,za,0,06
tw,es,0,04
tw,se,-0,03
tw,ch,-0,09
tw,th,-0,02
tw,ae,-0,01
tw,gb,0,32
tw,us,-3,76
tw,vn,-0,43
tz,au,0,45
tz,ca,-0,37
tz,cn,0,08
tz,fr,0,13
tz,de,0,13
tz,in,5,87
tz,it,0,58
tz,ke,0,6
tz,nl,0,26
tz,ng,0,5
tz,no,1,81
tz,rw,0,26
tz,za,1,1
tz,ug,-0,16
tz,ae,-0,24
tz,gb,3,33
tz,us,29,6
tz,zm,-0,21
ua,au,-0,53
ua,at,-0,54
ua,az,-0,07
ua,by,-0,75
ua,be,-0,37
ua,bg,-0,29
ua,ca,-2,8
ua,cn,-0,59
ua,cy,-0,28
ua,cz,-0,59
ua,dk,-0,33
ua,eg,-0,03
ua,ee,-0,67
ua,fr,-0,76
ua,ge,-0,13
ua,de,-3,92
ua,gr,-0,08
ua,hu,-0,44
ua,in,-0,11
ua,ie,-0,35
ua,il,-1,09
ua,it,-0,5
ua,kz,-0,48
ua,lv,-0,37
ua,lt,-0,28
ua,md,0,09
ua,nl,-1,27
ua,ng,-0,17
ua,no,-0,08
ua,pl,-9,1
ua,qa,-0,21
ua,ro,-0,17
ua,sk,-0,71
ua,es,-0,72
ua,se,-0,7
ua,ch,-0,53
ua,th,-0,26
ua,tr,-0,45
ua,ae,-2,31
ua,gb,-1,21
ua,us,-3,3
ug,ca,-0,45
ug,cn,0,68
ug,cd,-0,53
ug,de,-0,05
ug,in,1,95
ug,ke,-1,1
ug,nl,0,43
ug,ng,-0,23
ug,no,0,95
ug,rw,-0,35
ug,za,1,15
ug,tz,0,15
ug,ae,-0,95
ug,gb,2,03
ug,us,20,1
us,af,0,02
us,al,-0,01
us,dz,-0,01
us,ao,-0,04
us,ar,-0,08
us,am,0
us,au,-0,2
us,at,-0,01
us,az,-0,01
us,bs,-0,01
us,bh,-0,01
us,bd,-0,08
us,by,0
us,be,-0,02
us,bj,-0,01
us,bo,-0,01
us,ba,-0,01
us,bw,-0,01
us,br,-0,85
us,bg,-0,02
us,bf,-0,01
us,kh,-0,02
us,cm,-0,01
us,ca,-0,08
us,cl,-0,13
us,cn,0,21
us,co,-0,18
us,cd,-0,04
us,cr,-0,03
us,ci,-0,01
us,hr,-0,03
us,cu,0,01
us,cy,-0,01
us,cz,-0,03
us,dk,-0,03
us,do,0
us,ec,-0,08
us,eg,-0,14
us,sv,0
us,ee,-0,01
us,et,-0,04
us,fj,-0,01
us,fi,-0,02
us,fr,-0,01
us,ga,-0,01
us,ge,-0,03
us,de,-0,17
us,gh,-0,1
us,gr,-0,04
us,gt,-0,02
us,ht,-0,01
us,hn,-0,01
us,hk,-0,06
us,hu,-0,03
us,is,-0,01
us,in,0,65
us,id,-0,73
us,ir,-0,5
us,iq,-0,04
us,ie,-0,04
us,il,0
us,it,-0,1
us,jm,0,01
us,jp,-0,04
us,jo,-0,02
us,kz,-0,01
us,ke,-0,38
us,kr,0,04
us,kw,-0,03
us,lv,-0,01
us,lb,-0,03
us,ly,-0,01
us,lt,-0,01
us,lu,-0,01
us,mk,0
us,mg,-0,01
us,mw,-0,04
us,my,-0,13
us,ml,-0,01
us,mt,0
us,mu,-0,01
us,mx,-0,03
us,md,0,01
us,mn,-0,01
us,ma,-0,06
us,mz,-0,03
us,mm,-0,02
us,na,-0,02
us,np,0
us,nl,-0,03
us,nz,-0,05
us,ni,-0,01
us,ng,-0,7
us,no,-0,03
us,om,-0,02
us,pk,-0,13
us,pa,-0,03
us,pg,-0,02
us,py,-0,02
us,pe,-0,09
us,ph,-0,05
us,pl,-0,04
us,pt,-0,01
us,pr,0,14
us,qa,-0,04
us,ro,-0,04
us,rw,-0,01
us,sa,-0,45
us,sn,0
us,rs,-0,02
us,sg,-0,02
us,sk,-0,02
us,si,-0,01
us,za,-0,78
us,es,-0,02
us,lk,-0,04
us,sd,-0,04
us,se,-0,07
us,ch,-0,04
us,sy,-0,01
us,tw,0,04
us,tz,-0,09
us,th,-0,05
us,tg,0
us,tt,-0,01
us,tn,-0,01
us,tr,-0,1
us,ug,-0,07
us,ua,0,04
us,ae,-0,33
us,gb,-0,75
us,uy,-0,03
us,uz,0
us,ve,0,02
us,vn,-0,02
us,ps,-0,01
us,ye,0
us,zm,-0,06
us,zw,-0,1
uy,ar,0,53
uy,br,0,89
uy,cl,-0,36
uy,co,0,17
uy,cu,1,33
uy,fr,0,11
uy,de,0
uy,mx,0,06
uy,pe,0,08
uy,es,1,1
uy,gb,0,02
uy,us,6,73
uy,ve,4,83
uz,kz,-0,49
uz,tr,-2,35
uz,ae,-6,92
uz,gb,4,57
uz,us,-1,23
ve,ar,-4,34
ve,au,-0,48
ve,br,-0,4
ve,ca,-0,46
ve,cl,-11,9
ve,cn,-0,11
ve,co,-7,83
ve,cr,-1,1
ve,do,-0,73
ve,ec,-4,06
ve,fr,-0,45
ve,de,-0,69
ve,gt,-0,26
ve,ie,-0,19
ve,it,-0,49
ve,mx,-3,77
ve,nl,-0,18
ve,pa,-10,65
ve,pe,-1,73
ve,pt,-0,41
ve,es,-9,93
ve,ae,-0,12
ve,gb,-0,89
ve,us,-1,36
ve,uy,-1,06
vn,au,-0,76
vn,be,0,08
vn,kh,-1,42
vn,ca,-0,97
vn,cn,0,75
vn,dk,-0,02
vn,fi,-0,33
vn,fr,1,43
vn,de,-0,23
vn,hk,0,14
vn,in,0,99
vn,id,0,17
vn,ie,0
vn,it,0,03
vn,jp,0,23
vn,kr,0,54
vn,my,0,3
vn,mm,-0,1
vn,nl,0,18
vn,nz,-0,17
vn,ph,0,34
vn,sg,-0,38
vn,es,0,02
vn,se,-0,1
vn,ch,-0,17
vn,tw,0,46
vn,th,0,1
vn,ae,0,14
vn,gb,1,32
vn,us,2,18
ye,eg,-0,51
ye,in,-0,51
ye,my,0,68
ye,sa,-10,27
ye,ae,-3,85
ye,us,4,19
za,af,-0,12
za,ao,-0,21
za,au,-2,14
za,at,0
za,bh,-0,03
za,be,0,02
za,bw,-0,21
za,br,0,04
za,cm,-0,08
za,ca,-0,54
za,cn,-0,11
za,cd,-0,47
za,dk,-0,03
za,eg,0,03
za,et,-0,03
za,fr,0,16
za,de,-0,19
za,gh,-0,05
za,hk,-0,18
za,is,0,36
za,in,0,29
za,id,0,03
za,ie,-0,2
za,il,-0,06
za,it,0,04
za,jp,-0,08
za,ke,-0,39
za,kr,0
za,kw,0,06
za,mw,-0,05
za,my,0,02
za,mu,0,01
za,mx,0,01
za,mz,-0,23
za,na,-0,56
za,nl,-0,18
za,nz,-1,31
za,ng,-0,09
za,no,1,04
za,om,-0,02
za,pk,0,01
za,ph,-0,03
za,pl,0,08
za,pt,-0,03
za,qa,-0,25
za,sa,-0,42
za,sg,-0,08
za,es,-0,07
za,se,-0,04
za,ch,-0,09
za,tw,-0,02
za,tz,-0,09
za,th,-0,01
za,tr,0
za,ug,-0,1
za,ae,-1,32
za,gb,14,26
za,us,21,3
za,zm,-0,38
za,zw,0,21
zm,au,0,93
zm,cn,0
zm,in,4,39
zm,ke,2,3
zm,na,1,76
zm,za,8,2
zm,tz,0,39
zm,gb,43,27
zm,us,33,6
zm,zw,-1,07
zw,au,-1,31
zw,bw,0,45
zw,ca,-0,58
zw,is,8,52
zw,ke,0,13
zw,mz,-1,06
zw,na,-0,93
zw,no,2,88
zw,za,-2,98
zw,ae,-2,5
zw,gb,3,91
zw,us,38,6
zw,zm,0,7
